simulation time,yL
3.524859,0.129907
3.541525,0.129907
3.558191,0.102455
3.574857,0.120592
3.591523,0.120592
3.608189,0.278783
3.624855,0.567364
3.641521,0.567364
3.658187,0.826857
