simulation time,steering angle
3.533192,0.000000
3.549858,0.204506
3.566524,-9223372013568.000000
3.583190,-9223372013568.000000
3.599856,-9223372013568.000000
3.616522,-9223372013568.000000
3.633188,-9223372013568.000000
3.649854,-9223372013568.000000
3.666520,-9223372013568.000000
3.683186,-9223372013568.000000
3.699852,-9223372013568.000000
