simulation time,yL
3.524859,0.129907
3.541525,0.129907
3.558191,0.120250
3.574857,0.084306
3.591523,0.084306
3.608189,0.152697
3.624855,0.401019
3.641521,0.401019
3.658187,0.660759
3.674853,0.868343
3.691519,0.868343
